campaign_id,category,region,is_brand,budget_daily,start_date,end_date
1,retail,MEA,0,11.98,2026-01-04,2026-03-01
2,auto,LATAM,0,46.32,2026-01-18,2026-02-25
3,media,APAC,0,10.57,2026-01-06,2026-03-20
4,travel,MEA,0,20.08,2026-01-10,2026-02-27
5,travel,EU,0,16.28,2026-01-13,2026-04-12
6,auto,MEA,0,27.52,2026-01-05,2026-02-16
7,retail,MEA,1,15.67,2026-01-12,2026-03-16
8,media,APAC,0,20.29,2026-01-09,2026-01-25
9,finance,LATAM,1,20.79,2026-01-26,2026-04-20
10,retail,APAC,0,14.67,2026-01-26,2026-02-14
11,edtech,US,0,34.45,2026-01-01,2026-02-08
12,food,LATAM,0,28.99,2026-01-19,2026-04-05
13,media,US,0,23.06,2026-01-20,2026-04-17
14,auto,US,1,18.15,2026-01-12,2026-02-28
15,media,APAC,0,42.84,2026-01-15,2026-03-03
16,auto,MEA,0,20.8,2026-01-24,2026-02-04
17,edtech,US,0,19.79,2026-01-12,2026-04-10
18,finance,APAC,1,26.4,2026-01-02,2026-01-10
19,auto,EU,0,80.45,2026-01-12,2026-01-21
20,travel,EU,0,9.6,2026-01-08,2026-02-23
21,edtech,EU,1,42.05,2026-01-12,2026-01-19
22,games,EU,1,6.52,2026-01-07,2026-01-27
23,finance,MEA,1,28.56,2026-01-05,2026-03-05
24,food,MEA,0,73.89,2026-01-30,2026-04-05
25,auto,MEA,0,34.54,2026-01-04,2026-02-04
26,media,EU,0,27.64,2026-01-22,2026-04-05
27,travel,EU,1,16.57,2026-01-22,2026-03-20
28,auto,US,0,25.07,2026-01-19,2026-02-13
29,edtech,APAC,1,20.56,2026-01-28,2026-04-04
30,travel,US,0,14.15,2026-01-01,2026-02-26
31,travel,APAC,0,20.03,2026-01-10,2026-03-25
32,finance,EU,1,28.19,2026-01-06,2026-01-25
33,retail,LATAM,0,14.34,2026-01-18,2026-02-13
34,edtech,US,1,13.95,2026-01-20,2026-02-21
35,food,EU,0,9.47,2026-01-27,2026-03-03
36,retail,LATAM,0,32.25,2026-01-12,2026-04-02
37,auto,MEA,0,35.94,2026-01-08,2026-03-16
38,auto,EU,0,28.85,2026-01-28,2026-03-21
39,games,APAC,0,48.21,2026-01-21,2026-03-13
40,media,MEA,0,26.09,2026-01-23,2026-04-13
41,finance,LATAM,0,32.28,2026-01-14,2026-02-27
42,auto,MEA,0,30.35,2026-01-14,2026-02-08
43,media,APAC,0,23.01,2026-01-12,2026-01-30
44,games,US,0,16.92,2026-01-23,2026-02-26
45,retail,LATAM,0,115.57,2026-01-07,2026-03-09
46,food,EU,0,17.88,2026-01-30,2026-03-17
47,travel,US,0,15.39,2026-01-06,2026-02-17
48,food,LATAM,1,33.24,2026-01-14,2026-03-01
49,media,LATAM,1,29.26,2026-01-10,2026-04-07
50,auto,EU,0,9.18,2026-01-20,2026-04-19
51,auto,APAC,0,53.83,2026-01-21,2026-02-10
52,finance,US,0,22.97,2026-01-28,2026-02-13
53,games,APAC,0,11.27,2026-01-24,2026-02-20
54,travel,MEA,0,56.38,2026-01-08,2026-03-26
55,travel,EU,0,38.01,2026-01-07,2026-02-21
56,retail,MEA,0,10.12,2026-01-27,2026-04-15
57,edtech,APAC,1,85.12,2026-01-15,2026-03-16
58,finance,LATAM,0,38.91,2026-01-03,2026-02-24
59,media,APAC,0,24.36,2026-01-25,2026-02-24
60,media,US,1,74.68,2026-01-20,2026-02-24
61,food,LATAM,1,27.43,2026-01-01,2026-01-20
62,media,LATAM,0,24.05,2026-01-24,2026-03-15
63,games,EU,0,15.45,2026-01-19,2026-02-18
64,food,LATAM,0,36.87,2026-01-19,2026-02-19
65,travel,LATAM,0,34.25,2026-01-26,2026-02-05
66,games,US,1,24.79,2026-01-15,2026-03-29
67,food,MEA,0,14.11,2026-01-14,2026-04-08
68,games,LATAM,0,26.87,2026-01-19,2026-03-08
69,retail,US,0,23.36,2026-01-06,2026-02-26
70,travel,EU,0,9.65,2026-01-05,2026-03-29
71,auto,LATAM,1,8.76,2026-01-26,2026-03-16
72,finance,US,0,36.44,2026-01-07,2026-03-06
73,travel,LATAM,0,3.97,2026-01-16,2026-02-27
74,finance,APAC,1,28.33,2026-01-09,2026-02-27
75,media,APAC,1,17.56,2026-01-07,2026-02-26
76,travel,EU,0,61.3,2026-01-18,2026-03-25
77,games,LATAM,0,17.37,2026-01-25,2026-03-23
78,finance,EU,0,38.93,2026-01-14,2026-03-03
79,edtech,APAC,0,18.58,2026-01-05,2026-01-18
80,media,MEA,0,26.57,2026-01-08,2026-03-31
81,food,MEA,0,41.09,2026-01-05,2026-03-26
82,travel,MEA,1,17.75,2026-01-27,2026-02-18
83,finance,MEA,1,49.28,2026-01-10,2026-02-10
84,auto,APAC,1,12.24,2026-01-12,2026-04-09
85,media,US,1,30.15,2026-01-03,2026-02-05
86,media,MEA,1,46.8,2026-01-14,2026-03-29
87,retail,MEA,1,38.94,2026-01-28,2026-04-10
88,games,MEA,1,93.83,2026-01-13,2026-04-01
89,auto,LATAM,0,14.38,2026-01-20,2026-01-28
90,auto,EU,0,9.34,2026-01-06,2026-02-22
91,travel,APAC,0,12.23,2026-01-05,2026-02-27
92,auto,APAC,0,38.95,2026-01-22,2026-04-08
93,auto,MEA,0,34.76,2026-01-02,2026-01-27
94,travel,US,0,26.35,2026-01-14,2026-02-15
95,food,US,0,11.18,2026-01-10,2026-01-31
96,games,EU,0,41.96,2026-01-01,2026-03-12
97,finance,MEA,0,10.41,2026-01-16,2026-04-15
98,media,LATAM,1,55.22,2026-01-29,2026-02-16
99,media,EU,1,181.31,2026-01-03,2026-01-29
100,finance,APAC,0,31.71,2026-01-25,2026-02-26
101,auto,APAC,0,36.9,2026-01-17,2026-04-07
102,finance,APAC,0,17.37,2026-01-22,2026-03-06
103,auto,MEA,1,6.91,2026-01-03,2026-02-02
104,retail,EU,1,16.09,2026-01-27,2026-03-01
105,auto,US,0,11.42,2026-01-01,2026-02-26
106,auto,EU,1,8.91,2026-01-28,2026-03-08
107,auto,US,0,81.91,2026-01-20,2026-02-07
108,media,MEA,0,29.7,2026-01-11,2026-03-27
109,travel,MEA,1,32.0,2026-01-01,2026-02-12
110,media,EU,0,19.76,2026-01-19,2026-02-16
111,games,LATAM,0,21.74,2026-01-03,2026-03-11
112,auto,US,0,48.19,2026-01-19,2026-03-28
113,edtech,EU,0,23.98,2026-01-24,2026-02-12
114,travel,US,1,35.57,2026-01-09,2026-01-22
115,edtech,EU,1,21.39,2026-01-08,2026-01-18
116,edtech,APAC,0,19.31,2026-01-07,2026-03-18
117,retail,MEA,0,9.16,2026-01-07,2026-03-06
118,finance,APAC,1,6.14,2026-01-04,2026-03-17
119,finance,LATAM,0,20.43,2026-01-08,2026-03-07
120,retail,APAC,1,25.52,2026-01-20,2026-03-01
121,travel,EU,0,9.97,2026-01-10,2026-03-06
122,media,EU,0,23.95,2026-01-24,2026-03-31
123,media,US,1,25.47,2026-01-25,2026-03-06
124,travel,US,0,5.42,2026-01-23,2026-04-15
125,auto,MEA,0,12.93,2026-01-17,2026-04-08
126,edtech,MEA,0,32.63,2026-01-10,2026-03-24
127,retail,MEA,0,32.17,2026-01-28,2026-04-27
128,auto,LATAM,0,10.94,2026-01-07,2026-02-15
129,edtech,APAC,0,27.41,2026-01-14,2026-01-30
130,media,LATAM,1,50.18,2026-01-14,2026-03-02
131,edtech,APAC,1,42.26,2026-01-23,2026-04-01
132,edtech,LATAM,0,22.95,2026-01-17,2026-03-29
133,retail,LATAM,0,17.68,2026-01-24,2026-03-04
134,edtech,LATAM,1,15.79,2026-01-28,2026-02-28
135,auto,LATAM,1,34.04,2026-01-12,2026-02-24
136,games,EU,0,28.12,2026-01-27,2026-04-10
137,edtech,LATAM,0,38.11,2026-01-06,2026-01-18
138,retail,US,0,26.9,2026-01-28,2026-03-03
139,games,LATAM,0,43.52,2026-01-06,2026-02-01
140,travel,APAC,0,26.21,2026-01-26,2026-04-09
141,food,MEA,0,42.49,2026-01-12,2026-02-26
142,finance,US,1,45.13,2026-01-29,2026-02-12
143,games,MEA,1,13.97,2026-01-04,2026-02-01
144,travel,MEA,1,6.92,2026-01-14,2026-01-24
145,food,US,0,72.27,2026-01-28,2026-03-15
146,auto,APAC,0,29.36,2026-01-02,2026-04-01
147,retail,APAC,1,7.39,2026-01-08,2026-03-03
148,finance,LATAM,1,14.88,2026-01-03,2026-03-23
149,auto,LATAM,0,42.11,2026-01-10,2026-03-19
150,retail,MEA,1,20.17,2026-01-12,2026-04-02
151,auto,US,0,17.14,2026-01-19,2026-02-20
152,games,APAC,1,65.41,2026-01-08,2026-04-03
153,food,APAC,0,11.79,2026-01-05,2026-01-31
154,games,MEA,0,14.03,2026-01-06,2026-02-18
155,travel,US,0,28.44,2026-01-29,2026-04-02
156,media,APAC,0,32.24,2026-01-29,2026-02-28
157,finance,EU,0,34.72,2026-01-07,2026-02-04
158,edtech,MEA,0,46.43,2026-01-06,2026-01-23
159,edtech,US,0,28.19,2026-01-02,2026-01-09
160,auto,US,1,34.56,2026-01-29,2026-03-18
161,food,APAC,0,20.46,2026-01-22,2026-04-20
162,media,APAC,0,25.63,2026-01-23,2026-02-17
163,travel,MEA,1,26.45,2026-01-09,2026-02-21
164,travel,APAC,0,28.52,2026-01-20,2026-04-14
165,travel,APAC,0,42.13,2026-01-02,2026-03-14
166,auto,EU,1,36.18,2026-01-21,2026-01-28
167,games,EU,1,25.3,2026-01-18,2026-03-07
168,finance,US,0,13.92,2026-01-10,2026-01-28
169,games,MEA,1,25.72,2026-01-22,2026-02-18
170,retail,MEA,0,24.06,2026-01-20,2026-02-16
171,retail,LATAM,0,28.08,2026-01-14,2026-03-12
172,retail,LATAM,1,114.96,2026-01-06,2026-01-29
173,auto,US,0,17.0,2026-01-01,2026-01-28
174,media,EU,1,32.97,2026-01-29,2026-02-23
175,media,EU,0,51.83,2026-01-09,2026-02-14
176,travel,US,1,26.27,2026-01-10,2026-03-12
177,media,US,0,126.03,2026-01-21,2026-03-02
178,finance,EU,0,18.83,2026-01-08,2026-02-11
179,food,US,0,30.78,2026-01-12,2026-03-02
180,edtech,EU,0,14.02,2026-01-22,2026-03-21
181,food,LATAM,1,19.18,2026-01-18,2026-01-26
182,finance,MEA,0,29.2,2026-01-20,2026-04-10
183,travel,LATAM,0,44.36,2026-01-01,2026-03-25
184,media,APAC,0,30.67,2026-01-14,2026-03-12
185,travel,APAC,0,59.23,2026-01-15,2026-03-10
186,travel,US,1,22.95,2026-01-19,2026-03-24
187,finance,EU,0,19.44,2026-01-05,2026-02-17
188,travel,APAC,1,162.84,2026-01-05,2026-02-11
189,finance,APAC,0,32.33,2026-01-23,2026-02-28
190,games,EU,0,14.83,2026-01-21,2026-02-10
191,media,APAC,0,15.09,2026-01-25,2026-04-11
192,media,US,0,12.68,2026-01-09,2026-02-11
193,edtech,EU,1,47.26,2026-01-30,2026-03-01
194,games,LATAM,1,19.01,2026-01-09,2026-04-06
195,food,APAC,1,26.82,2026-01-20,2026-03-10
196,retail,LATAM,0,23.47,2026-01-05,2026-03-04
197,games,LATAM,0,40.94,2026-01-28,2026-02-24
198,retail,MEA,0,13.56,2026-01-10,2026-02-09
199,games,MEA,0,11.55,2026-01-25,2026-04-02
200,food,LATAM,1,28.7,2026-01-10,2026-02-23
201,games,MEA,0,37.36,2026-01-24,2026-02-12
202,food,APAC,0,30.96,2026-01-14,2026-03-31
203,travel,MEA,1,13.92,2026-01-02,2026-02-11
204,media,LATAM,1,39.42,2026-01-06,2026-03-09
205,travel,LATAM,0,14.57,2026-01-21,2026-02-25
206,games,MEA,0,17.03,2026-01-06,2026-02-28
207,auto,APAC,0,12.67,2026-01-09,2026-03-21
208,food,LATAM,0,61.0,2026-01-17,2026-04-07
209,games,US,0,38.22,2026-01-08,2026-02-01
210,auto,MEA,0,37.47,2026-01-04,2026-03-07
211,games,LATAM,1,58.74,2026-01-19,2026-04-11
212,media,LATAM,1,175.71,2026-01-21,2026-03-22
213,auto,APAC,0,7.42,2026-01-22,2026-02-09
214,travel,MEA,0,14.63,2026-01-29,2026-02-20
215,media,EU,0,15.94,2026-01-04,2026-01-27
216,games,EU,0,13.52,2026-01-13,2026-01-28
217,retail,APAC,0,11.54,2026-01-08,2026-03-18
218,retail,LATAM,0,19.89,2026-01-28,2026-04-25
219,travel,MEA,0,10.47,2026-01-17,2026-03-07
220,food,APAC,0,31.02,2026-01-03,2026-02-28
221,finance,LATAM,0,25.44,2026-01-21,2026-04-02
222,travel,APAC,0,34.35,2026-01-02,2026-02-12
223,media,MEA,1,35.0,2026-01-09,2026-02-24
224,finance,LATAM,0,37.42,2026-01-22,2026-03-18
225,media,APAC,0,18.89,2026-01-16,2026-02-17
226,games,MEA,1,108.29,2026-01-23,2026-02-04
227,auto,EU,0,28.91,2026-01-18,2026-03-13
228,edtech,MEA,0,6.66,2026-01-26,2026-04-11
229,edtech,EU,1,12.16,2026-01-17,2026-01-30
230,finance,US,0,7.25,2026-01-02,2026-01-26
231,travel,MEA,0,24.83,2026-01-03,2026-01-31
232,auto,LATAM,0,22.53,2026-01-24,2026-04-07
233,retail,MEA,0,17.67,2026-01-02,2026-02-19
234,auto,LATAM,0,100.25,2026-01-12,2026-03-04
235,travel,LATAM,0,36.03,2026-01-01,2026-03-02
236,media,US,0,40.78,2026-01-10,2026-02-08
237,media,EU,0,12.78,2026-01-18,2026-03-25
238,travel,EU,0,12.19,2026-01-06,2026-01-15
239,games,US,0,25.17,2026-01-14,2026-01-30
240,media,EU,0,27.69,2026-01-30,2026-04-14
241,finance,APAC,1,6.69,2026-01-03,2026-03-05
242,edtech,LATAM,0,21.62,2026-01-02,2026-01-23
243,retail,MEA,0,24.78,2026-01-09,2026-02-21
244,media,APAC,0,21.1,2026-01-25,2026-02-05
245,media,MEA,0,13.88,2026-01-13,2026-03-16
246,retail,MEA,0,16.82,2026-01-20,2026-03-30
247,auto,MEA,0,21.68,2026-01-02,2026-02-01
248,travel,APAC,0,26.14,2026-01-23,2026-02-28
249,auto,US,1,37.46,2026-01-03,2026-01-29
250,retail,MEA,1,52.28,2026-01-22,2026-03-02
251,finance,US,0,19.96,2026-01-05,2026-02-03
252,travel,APAC,0,17.83,2026-01-26,2026-02-22
253,finance,EU,0,33.33,2026-01-09,2026-02-20
254,games,LATAM,0,37.62,2026-01-06,2026-03-25
255,media,LATAM,0,18.1,2026-01-11,2026-03-22
256,finance,EU,1,42.66,2026-01-01,2026-02-01
257,media,US,1,48.7,2026-01-05,2026-03-31
258,retail,APAC,1,60.59,2026-01-18,2026-02-11
259,finance,APAC,0,85.18,2026-01-10,2026-04-02
260,edtech,MEA,1,13.38,2026-01-11,2026-02-12
261,auto,US,0,24.77,2026-01-25,2026-03-17
262,finance,MEA,0,24.73,2026-01-04,2026-01-27
263,games,APAC,0,22.9,2026-01-12,2026-03-23
264,food,MEA,1,15.57,2026-01-06,2026-02-08
265,food,US,0,8.67,2026-01-15,2026-04-04
266,edtech,EU,1,26.18,2026-01-10,2026-01-23
267,travel,EU,0,14.33,2026-01-02,2026-02-19
268,games,US,1,26.05,2026-01-03,2026-01-23
269,edtech,MEA,0,14.07,2026-01-26,2026-04-16
270,edtech,EU,0,11.36,2026-01-02,2026-02-12
271,games,US,1,28.9,2026-01-24,2026-03-27
272,retail,EU,0,27.27,2026-01-28,2026-04-17
273,finance,MEA,0,36.8,2026-01-14,2026-03-06
274,food,LATAM,0,113.31,2026-01-10,2026-01-21
275,travel,LATAM,0,29.79,2026-01-24,2026-02-18
276,travel,LATAM,0,34.45,2026-01-30,2026-02-23
277,travel,LATAM,0,11.54,2026-01-04,2026-03-27
278,auto,LATAM,0,9.97,2026-01-29,2026-04-21
279,retail,EU,1,74.29,2026-01-29,2026-03-16
280,retail,MEA,0,12.85,2026-01-05,2026-03-26
281,games,LATAM,0,11.81,2026-01-02,2026-01-29
282,travel,LATAM,0,23.87,2026-01-22,2026-03-26
283,media,US,0,23.03,2026-01-03,2026-02-11
284,travel,MEA,0,13.04,2026-01-19,2026-02-14
285,travel,US,1,19.82,2026-01-02,2026-01-29
286,food,EU,1,58.01,2026-01-21,2026-03-03
287,finance,MEA,0,13.95,2026-01-07,2026-02-11
288,edtech,US,0,9.25,2026-01-03,2026-01-27
289,edtech,EU,0,47.46,2026-01-02,2026-02-05
290,travel,LATAM,0,34.63,2026-01-06,2026-01-23
291,auto,US,0,15.89,2026-01-17,2026-04-14
292,games,MEA,0,8.11,2026-01-03,2026-02-10
293,food,APAC,0,14.57,2026-01-25,2026-02-09
294,games,EU,0,23.61,2026-01-19,2026-03-14
295,edtech,MEA,0,55.48,2026-01-09,2026-03-30
296,edtech,APAC,0,11.87,2026-01-30,2026-03-07
297,auto,US,0,23.12,2026-01-20,2026-04-07
298,travel,LATAM,0,39.35,2026-01-21,2026-03-19
299,games,APAC,1,4.63,2026-01-06,2026-03-15
300,retail,EU,0,50.58,2026-01-22,2026-02-22
301,games,LATAM,0,10.72,2026-01-17,2026-01-27
302,auto,APAC,0,30.95,2026-01-30,2026-03-06
303,retail,LATAM,1,29.16,2026-01-15,2026-04-08
304,food,MEA,0,52.42,2026-01-21,2026-04-03
305,edtech,LATAM,1,36.08,2026-01-11,2026-03-24
306,finance,LATAM,1,4.65,2026-01-02,2026-03-22
307,games,US,0,14.16,2026-01-04,2026-02-10
308,edtech,US,0,27.02,2026-01-27,2026-03-01
309,games,APAC,0,21.4,2026-01-23,2026-04-16
310,retail,MEA,1,34.27,2026-01-11,2026-03-06
311,media,APAC,0,42.63,2026-01-21,2026-02-21
312,media,US,1,37.56,2026-01-01,2026-01-31
313,retail,LATAM,0,21.12,2026-01-02,2026-03-22
314,games,MEA,0,6.74,2026-01-16,2026-01-27
315,finance,MEA,0,17.84,2026-01-19,2026-01-31
316,media,US,0,32.83,2026-01-29,2026-04-07
317,media,LATAM,0,11.44,2026-01-23,2026-01-30
318,media,APAC,0,38.16,2026-01-08,2026-01-29
319,food,APAC,1,46.33,2026-01-25,2026-04-24
320,auto,US,1,26.81,2026-01-15,2026-02-26
321,games,EU,0,2.87,2026-01-25,2026-04-02
322,retail,US,0,10.03,2026-01-06,2026-02-22
323,edtech,APAC,0,91.87,2026-01-01,2026-01-15
324,food,MEA,1,16.73,2026-01-02,2026-01-24
325,food,MEA,0,6.12,2026-01-30,2026-04-10
326,finance,EU,1,58.25,2026-01-03,2026-01-17
327,finance,LATAM,0,24.76,2026-01-29,2026-03-26
328,retail,EU,0,53.17,2026-01-22,2026-02-26
329,finance,LATAM,0,29.78,2026-01-05,2026-02-11
330,edtech,US,0,33.82,2026-01-26,2026-04-22
331,edtech,APAC,1,31.63,2026-01-05,2026-03-03
332,games,LATAM,0,39.97,2026-01-05,2026-03-04
333,games,APAC,0,120.81,2026-01-18,2026-02-23
334,auto,MEA,1,48.41,2026-01-09,2026-02-16
335,travel,APAC,1,8.12,2026-01-09,2026-03-13
336,auto,MEA,1,33.54,2026-01-06,2026-01-16
337,food,LATAM,0,54.55,2026-01-19,2026-02-14
338,games,US,0,56.93,2026-01-01,2026-02-26
339,finance,LATAM,1,18.2,2026-01-08,2026-03-07
340,food,APAC,0,55.45,2026-01-17,2026-01-31
341,media,APAC,0,46.97,2026-01-15,2026-03-28
342,games,EU,1,148.53,2026-01-21,2026-03-14
343,edtech,EU,0,14.51,2026-01-07,2026-02-02
344,edtech,APAC,0,17.2,2026-01-20,2026-03-30
345,food,EU,1,19.8,2026-01-23,2026-04-22
346,games,MEA,0,17.41,2026-01-12,2026-02-23
347,food,MEA,0,13.16,2026-01-08,2026-02-07
348,food,LATAM,0,3.55,2026-01-17,2026-02-17
349,finance,LATAM,0,18.1,2026-01-18,2026-03-15
350,finance,APAC,0,31.77,2026-01-03,2026-01-13
351,edtech,EU,1,17.37,2026-01-17,2026-03-05
352,retail,US,1,95.08,2026-01-05,2026-01-14
353,games,APAC,0,24.76,2026-01-18,2026-01-28
354,travel,MEA,0,60.57,2026-01-28,2026-03-11
355,food,US,1,29.46,2026-01-17,2026-03-26
356,food,APAC,0,43.75,2026-01-23,2026-04-13
357,finance,US,0,29.83,2026-01-10,2026-01-24
358,food,EU,0,63.95,2026-01-28,2026-02-24
359,retail,EU,0,25.51,2026-01-25,2026-03-07
360,media,US,0,34.72,2026-01-28,2026-03-23
361,auto,EU,0,31.7,2026-01-23,2026-04-21
362,food,EU,0,20.05,2026-01-20,2026-03-24
363,finance,US,0,32.57,2026-01-16,2026-03-08
364,food,US,0,117.22,2026-01-28,2026-02-09
365,retail,APAC,0,20.3,2026-01-26,2026-02-08
366,edtech,EU,0,32.91,2026-01-13,2026-02-01
367,travel,US,0,59.17,2026-01-03,2026-03-05
368,games,APAC,0,54.5,2026-01-01,2026-02-04
369,retail,MEA,0,24.73,2026-01-08,2026-02-03
370,auto,LATAM,0,4.63,2026-01-02,2026-03-05
371,games,MEA,0,35.22,2026-01-07,2026-03-22
372,media,US,1,5.19,2026-01-04,2026-02-16
373,travel,APAC,0,68.65,2026-01-30,2026-04-20
374,games,APAC,1,27.62,2026-01-03,2026-03-11
375,food,MEA,1,49.39,2026-01-19,2026-03-26
376,retail,MEA,0,13.05,2026-01-11,2026-03-31
377,media,MEA,0,8.28,2026-01-06,2026-01-28
378,media,LATAM,1,29.45,2026-01-22,2026-04-01
379,travel,APAC,0,23.96,2026-01-30,2026-04-26
380,games,APAC,0,17.39,2026-01-24,2026-04-23
381,retail,MEA,0,26.03,2026-01-30,2026-03-25
382,food,US,0,170.24,2026-01-18,2026-03-28
383,food,US,0,44.0,2026-01-21,2026-04-11
384,finance,MEA,1,51.14,2026-01-05,2026-03-23
385,retail,US,1,44.29,2026-01-26,2026-04-17
386,retail,US,0,69.1,2026-01-23,2026-04-09
387,retail,APAC,1,21.48,2026-01-08,2026-02-15
388,auto,US,0,5.82,2026-01-11,2026-03-19
389,food,MEA,1,21.5,2026-01-19,2026-03-01
390,finance,MEA,0,43.3,2026-01-01,2026-03-15
391,media,US,1,12.44,2026-01-25,2026-04-09
392,finance,APAC,1,21.68,2026-01-09,2026-04-03
393,games,MEA,0,15.12,2026-01-03,2026-02-27
394,edtech,LATAM,0,70.21,2026-01-10,2026-02-25
395,media,US,1,41.46,2026-01-26,2026-02-15
396,auto,APAC,0,38.71,2026-01-09,2026-03-09
397,retail,LATAM,0,37.91,2026-01-17,2026-03-12
398,finance,LATAM,1,23.9,2026-01-25,2026-03-15
399,games,EU,0,28.17,2026-01-02,2026-03-06
400,games,US,0,10.7,2026-01-23,2026-04-10
401,food,MEA,0,5.31,2026-01-09,2026-01-28
402,auto,US,0,27.25,2026-01-21,2026-03-04
403,games,US,1,30.78,2026-01-06,2026-03-13
404,food,US,0,57.2,2026-01-05,2026-03-21
405,travel,EU,0,73.7,2026-01-24,2026-04-05
406,edtech,EU,0,73.63,2026-01-25,2026-04-08
407,travel,US,1,12.2,2026-01-30,2026-04-17
408,finance,MEA,0,19.17,2026-01-21,2026-04-17
409,food,EU,1,34.34,2026-01-14,2026-03-12
410,retail,US,1,144.36,2026-01-06,2026-02-02
411,finance,EU,1,69.14,2026-01-09,2026-03-03
412,finance,APAC,1,53.71,2026-01-20,2026-03-26
413,games,US,1,18.7,2026-01-11,2026-01-26
414,finance,LATAM,1,13.22,2026-01-15,2026-03-25
415,retail,APAC,0,42.62,2026-01-06,2026-02-27
416,media,LATAM,1,11.35,2026-01-14,2026-04-08
417,food,LATAM,0,20.76,2026-01-08,2026-02-01
418,retail,APAC,0,22.64,2026-01-04,2026-03-27
419,games,MEA,1,74.82,2026-01-04,2026-02-17
420,edtech,APAC,1,19.14,2026-01-16,2026-03-11
421,food,MEA,1,4.45,2026-01-11,2026-03-13
422,media,MEA,0,34.92,2026-01-03,2026-02-27
423,auto,APAC,0,15.04,2026-01-16,2026-04-08
424,edtech,LATAM,0,25.28,2026-01-05,2026-01-25
425,travel,US,0,23.09,2026-01-01,2026-03-09
426,finance,MEA,0,20.26,2026-01-04,2026-04-01
427,auto,LATAM,0,42.66,2026-01-14,2026-02-08
428,auto,MEA,0,8.39,2026-01-29,2026-02-26
429,retail,US,1,17.08,2026-01-08,2026-02-23
430,media,LATAM,0,39.6,2026-01-09,2026-03-17
431,retail,APAC,1,15.96,2026-01-08,2026-04-04
432,media,EU,0,7.96,2026-01-11,2026-03-25
433,auto,EU,0,39.17,2026-01-22,2026-04-04
434,finance,APAC,0,53.85,2026-01-10,2026-02-22
435,travel,US,0,23.77,2026-01-20,2026-03-21
436,retail,EU,1,6.22,2026-01-27,2026-02-20
437,edtech,APAC,0,40.21,2026-01-29,2026-03-15
438,food,LATAM,0,7.68,2026-01-17,2026-02-08
439,retail,US,1,30.45,2026-01-22,2026-01-31
440,travel,MEA,1,13.18,2026-01-28,2026-04-16
441,food,LATAM,0,10.89,2026-01-24,2026-04-07
442,games,APAC,0,18.01,2026-01-09,2026-02-27
443,finance,MEA,0,21.58,2026-01-04,2026-01-12
444,travel,APAC,0,15.63,2026-01-04,2026-01-18
445,edtech,EU,0,37.04,2026-01-27,2026-02-12
446,media,EU,0,17.95,2026-01-17,2026-03-24
447,games,MEA,1,48.72,2026-01-09,2026-02-01
448,food,MEA,0,29.87,2026-01-11,2026-02-07
449,edtech,LATAM,0,15.05,2026-01-09,2026-03-28
450,games,EU,0,13.38,2026-01-25,2026-04-14
451,food,US,1,7.74,2026-01-19,2026-03-30
452,food,EU,0,30.07,2026-01-27,2026-02-28
453,travel,EU,1,19.14,2026-01-10,2026-03-06
454,retail,US,1,4.66,2026-01-15,2026-02-07
455,edtech,APAC,0,16.86,2026-01-04,2026-03-23
456,edtech,EU,0,13.06,2026-01-30,2026-02-13
457,finance,MEA,0,73.92,2026-01-16,2026-03-25
458,media,APAC,0,7.45,2026-01-17,2026-03-07
459,auto,US,1,8.94,2026-01-13,2026-03-23
460,retail,APAC,0,53.36,2026-01-09,2026-02-22
461,media,LATAM,1,63.42,2026-01-29,2026-02-18
462,finance,US,0,14.56,2026-01-15,2026-03-25
463,media,EU,0,15.76,2026-01-21,2026-03-21
464,travel,EU,0,37.76,2026-01-02,2026-02-16
465,retail,MEA,0,4.81,2026-01-09,2026-02-15
466,food,EU,0,6.67,2026-01-25,2026-03-01
467,finance,LATAM,0,20.16,2026-01-03,2026-02-18
468,edtech,US,0,72.6,2026-01-04,2026-02-01
469,finance,LATAM,1,18.08,2026-01-25,2026-02-24
470,food,EU,0,26.33,2026-01-10,2026-02-09
471,media,MEA,1,54.25,2026-01-09,2026-01-17
472,auto,LATAM,0,107.21,2026-01-17,2026-04-11
473,travel,APAC,0,16.38,2026-01-06,2026-02-01
474,travel,US,0,24.25,2026-01-02,2026-01-22
475,media,MEA,0,87.83,2026-01-01,2026-01-20
476,auto,US,0,8.45,2026-01-03,2026-04-02
477,auto,APAC,0,50.37,2026-01-05,2026-02-20
478,retail,US,1,12.03,2026-01-21,2026-02-24
479,media,US,0,26.36,2026-01-09,2026-02-18
480,retail,APAC,0,20.7,2026-01-03,2026-01-17
481,games,EU,0,12.55,2026-01-01,2026-02-03
482,auto,EU,0,12.33,2026-01-15,2026-02-11
483,games,US,0,29.77,2026-01-26,2026-04-09
484,auto,EU,0,49.25,2026-01-11,2026-01-22
485,travel,APAC,0,22.4,2026-01-02,2026-02-13
486,finance,MEA,0,25.77,2026-01-07,2026-03-20
487,games,EU,1,36.59,2026-01-15,2026-04-01
488,edtech,EU,0,12.43,2026-01-06,2026-02-24
489,auto,EU,1,41.17,2026-01-30,2026-02-24
490,edtech,APAC,0,43.53,2026-01-23,2026-02-26
491,food,US,0,151.8,2026-01-11,2026-02-05
492,auto,APAC,1,18.85,2026-01-29,2026-03-31
493,auto,EU,0,17.8,2026-01-10,2026-02-10
494,edtech,US,1,42.03,2026-01-05,2026-03-05
495,games,APAC,0,43.53,2026-01-29,2026-03-31
496,travel,APAC,0,16.87,2026-01-29,2026-04-24
497,retail,APAC,1,18.5,2026-01-10,2026-02-16
498,games,LATAM,0,35.83,2026-01-18,2026-04-14
499,food,APAC,0,13.75,2026-01-06,2026-02-15
500,travel,MEA,0,18.41,2026-01-20,2026-03-24
501,retail,APAC,0,26.12,2026-01-21,2026-03-23
502,media,US,1,49.26,2026-01-22,2026-04-06
503,food,US,0,16.07,2026-01-18,2026-03-04
504,auto,US,0,6.76,2026-01-22,2026-04-04
505,games,APAC,1,6.41,2026-01-17,2026-02-22
506,travel,US,0,10.16,2026-01-25,2026-03-13
507,edtech,MEA,1,9.78,2026-01-06,2026-02-23
508,finance,APAC,0,22.02,2026-01-15,2026-03-21
509,games,MEA,0,10.67,2026-01-13,2026-03-12
510,finance,LATAM,1,15.0,2026-01-17,2026-01-30
511,food,US,0,14.27,2026-01-05,2026-03-20
512,media,US,0,18.02,2026-01-10,2026-03-20
513,auto,LATAM,0,61.91,2026-01-29,2026-02-13
514,auto,US,1,38.99,2026-01-04,2026-03-31
515,food,US,1,24.81,2026-01-20,2026-03-22
516,retail,MEA,0,17.77,2026-01-20,2026-02-03
517,food,APAC,0,18.11,2026-01-15,2026-03-03
518,retail,EU,1,30.86,2026-01-02,2026-03-19
519,travel,APAC,0,36.93,2026-01-02,2026-02-01
520,edtech,APAC,0,13.0,2026-01-09,2026-04-03
521,games,MEA,0,25.17,2026-01-04,2026-02-14
522,finance,LATAM,0,5.92,2026-01-03,2026-01-28
523,finance,EU,1,28.45,2026-01-05,2026-02-10
524,auto,EU,1,41.83,2026-01-06,2026-02-25
525,games,LATAM,1,20.17,2026-01-26,2026-03-31
526,games,EU,0,87.49,2026-01-20,2026-04-14
527,food,US,0,13.24,2026-01-01,2026-01-24
528,finance,EU,0,28.57,2026-01-19,2026-04-15
529,food,EU,0,23.92,2026-01-05,2026-02-24
530,food,MEA,0,22.87,2026-01-13,2026-01-30
531,edtech,EU,0,22.65,2026-01-02,2026-03-26
532,finance,EU,0,26.44,2026-01-03,2026-02-07
533,finance,MEA,0,44.41,2026-01-04,2026-03-03
534,games,EU,1,64.36,2026-01-14,2026-03-19
535,edtech,MEA,0,24.49,2026-01-14,2026-01-22
536,finance,EU,0,43.41,2026-01-11,2026-02-05
537,travel,EU,1,15.01,2026-01-19,2026-03-23
538,retail,EU,1,41.94,2026-01-22,2026-02-24
539,edtech,LATAM,1,14.39,2026-01-22,2026-01-29
540,retail,LATAM,0,52.64,2026-01-18,2026-01-26
541,media,APAC,1,115.29,2026-01-17,2026-04-02
542,retail,US,0,22.52,2026-01-15,2026-02-03
543,finance,EU,0,5.29,2026-01-08,2026-01-23
544,finance,APAC,0,16.72,2026-01-15,2026-03-09
545,auto,US,0,58.11,2026-01-01,2026-01-17
546,retail,APAC,0,36.13,2026-01-29,2026-03-31
547,travel,LATAM,0,29.2,2026-01-12,2026-03-05
548,edtech,MEA,1,49.7,2026-01-23,2026-03-24
549,edtech,APAC,0,34.44,2026-01-29,2026-03-17
550,media,EU,0,57.54,2026-01-15,2026-03-27
551,auto,US,0,46.69,2026-01-26,2026-03-27
552,travel,MEA,0,71.18,2026-01-15,2026-02-25
553,auto,APAC,0,31.54,2026-01-04,2026-01-12
554,games,LATAM,0,46.23,2026-01-01,2026-01-30
555,food,APAC,0,19.79,2026-01-05,2026-01-22
556,edtech,EU,1,16.1,2026-01-29,2026-02-06
557,media,MEA,1,81.02,2026-01-15,2026-02-13
558,food,LATAM,0,28.54,2026-01-10,2026-02-03
559,auto,MEA,0,43.1,2026-01-14,2026-01-27
560,auto,MEA,1,26.75,2026-01-08,2026-02-09
561,edtech,US,1,16.27,2026-01-27,2026-03-17
562,retail,US,0,24.72,2026-01-30,2026-02-20
563,travel,US,1,67.03,2026-01-03,2026-02-01
564,finance,MEA,1,36.19,2026-01-22,2026-01-30
565,food,APAC,1,7.4,2026-01-11,2026-01-22
566,finance,APAC,0,21.1,2026-01-02,2026-01-22
567,finance,MEA,0,85.42,2026-01-28,2026-03-13
568,finance,LATAM,0,21.12,2026-01-02,2026-03-05
569,media,MEA,0,6.96,2026-01-07,2026-03-20
570,edtech,MEA,0,92.31,2026-01-01,2026-03-01
571,food,EU,0,39.55,2026-01-15,2026-03-14
572,travel,US,0,23.36,2026-01-18,2026-04-12
573,games,LATAM,0,18.92,2026-01-10,2026-02-07
574,retail,MEA,1,52.33,2026-01-03,2026-03-17
575,retail,EU,0,16.79,2026-01-04,2026-03-29
576,games,US,0,54.8,2026-01-29,2026-03-24
577,food,APAC,1,35.86,2026-01-25,2026-04-11
578,edtech,LATAM,1,29.12,2026-01-29,2026-02-16
579,food,EU,1,27.16,2026-01-16,2026-04-05
580,retail,LATAM,1,21.7,2026-01-17,2026-03-11
581,retail,US,1,51.01,2026-01-24,2026-02-18
582,auto,US,0,13.39,2026-01-19,2026-01-31
583,retail,APAC,0,7.88,2026-01-14,2026-03-21
584,retail,APAC,0,37.72,2026-01-09,2026-02-20
585,travel,LATAM,0,38.16,2026-01-15,2026-02-16
586,food,US,1,34.34,2026-01-02,2026-02-10
587,media,MEA,0,32.64,2026-01-06,2026-04-05
588,retail,EU,0,19.6,2026-01-23,2026-03-06
589,auto,MEA,0,42.57,2026-01-27,2026-02-09
590,auto,EU,0,23.76,2026-01-04,2026-02-03
591,auto,LATAM,0,17.44,2026-01-03,2026-01-22
592,food,US,0,19.72,2026-01-03,2026-03-07
593,finance,US,1,100.93,2026-01-24,2026-04-07
594,food,EU,0,7.28,2026-01-10,2026-03-27
595,games,LATAM,1,34.81,2026-01-10,2026-03-10
596,auto,EU,0,7.57,2026-01-01,2026-03-12
597,edtech,LATAM,0,22.74,2026-01-30,2026-03-12
598,auto,LATAM,0,18.11,2026-01-14,2026-03-14
599,media,MEA,1,5.7,2026-01-24,2026-02-08
600,media,LATAM,0,32.21,2026-01-22,2026-03-14
601,edtech,US,1,18.8,2026-01-05,2026-02-27
602,auto,LATAM,0,5.64,2026-01-25,2026-02-03
603,media,MEA,0,44.15,2026-01-17,2026-03-10
604,finance,US,1,66.99,2026-01-19,2026-03-27
605,auto,EU,0,69.62,2026-01-07,2026-02-13
606,edtech,MEA,0,31.54,2026-01-26,2026-03-19
607,games,EU,1,25.34,2026-01-28,2026-02-27
608,edtech,APAC,0,62.16,2026-01-13,2026-02-11
609,food,US,0,79.65,2026-01-03,2026-01-20
610,auto,EU,0,54.24,2026-01-26,2026-03-01
611,auto,LATAM,0,12.69,2026-01-27,2026-04-10
612,travel,EU,1,28.25,2026-01-16,2026-04-10
613,auto,LATAM,1,33.37,2026-01-18,2026-03-18
614,travel,LATAM,0,6.91,2026-01-07,2026-03-06
615,media,EU,1,34.07,2026-01-03,2026-03-01
616,media,EU,0,120.43,2026-01-29,2026-03-16
617,finance,LATAM,0,38.4,2026-01-15,2026-02-26
618,games,APAC,0,68.81,2026-01-09,2026-03-08
619,retail,EU,1,27.88,2026-01-21,2026-04-03
620,finance,MEA,0,23.31,2026-01-01,2026-02-11
621,travel,US,0,32.04,2026-01-03,2026-02-25
622,travel,EU,0,13.86,2026-01-08,2026-02-23
623,finance,MEA,1,12.5,2026-01-14,2026-02-13
624,travel,EU,0,59.53,2026-01-12,2026-02-12
625,edtech,APAC,0,64.11,2026-01-06,2026-01-19
626,finance,MEA,1,12.26,2026-01-11,2026-02-23
627,games,APAC,0,48.31,2026-01-11,2026-03-18
628,games,APAC,0,23.08,2026-01-16,2026-03-20
629,edtech,US,0,31.12,2026-01-17,2026-04-15
630,games,EU,0,33.86,2026-01-27,2026-02-06
631,media,APAC,0,49.21,2026-01-25,2026-04-05
632,games,MEA,1,25.99,2026-01-09,2026-03-22
633,travel,EU,0,65.83,2026-01-28,2026-03-12
634,travel,MEA,0,30.47,2026-01-16,2026-02-15
635,finance,APAC,1,37.98,2026-01-06,2026-02-11
636,media,APAC,0,13.69,2026-01-11,2026-03-15
637,finance,EU,0,111.17,2026-01-23,2026-04-11
638,games,LATAM,1,34.09,2026-01-25,2026-03-26
639,auto,EU,0,40.41,2026-01-12,2026-03-02
640,food,US,1,7.96,2026-01-05,2026-03-07
641,media,LATAM,1,13.79,2026-01-06,2026-01-18
642,food,EU,0,58.35,2026-01-04,2026-03-02
643,auto,APAC,0,29.99,2026-01-21,2026-01-31
644,travel,APAC,0,6.43,2026-01-16,2026-04-12
645,auto,EU,0,50.74,2026-01-14,2026-04-04
646,games,US,0,16.77,2026-01-21,2026-03-11
647,travel,US,0,65.89,2026-01-25,2026-03-04
648,edtech,LATAM,1,23.07,2026-01-24,2026-04-01
649,food,MEA,1,28.31,2026-01-05,2026-03-05
650,auto,MEA,1,56.0,2026-01-18,2026-03-24
651,travel,EU,0,13.09,2026-01-27,2026-03-17
652,media,EU,0,12.24,2026-01-24,2026-02-19
653,finance,EU,0,21.38,2026-01-10,2026-01-23
654,auto,APAC,0,43.77,2026-01-12,2026-02-11
655,edtech,EU,1,9.66,2026-01-27,2026-03-18
656,edtech,US,0,7.63,2026-01-01,2026-02-12
657,auto,MEA,0,43.67,2026-01-16,2026-03-06
658,media,MEA,1,16.09,2026-01-04,2026-02-03
659,retail,MEA,0,18.64,2026-01-27,2026-04-21
660,games,US,0,6.69,2026-01-02,2026-02-08
661,finance,LATAM,0,15.25,2026-01-01,2026-03-19
662,media,LATAM,0,24.4,2026-01-10,2026-02-18
663,retail,EU,1,47.05,2026-01-07,2026-02-19
664,finance,APAC,0,14.3,2026-01-15,2026-03-13
665,edtech,APAC,1,78.27,2026-01-09,2026-02-06
666,media,US,1,15.19,2026-01-11,2026-02-05
667,edtech,LATAM,1,15.21,2026-01-17,2026-02-24
668,auto,LATAM,0,71.96,2026-01-17,2026-03-31
669,food,APAC,0,28.45,2026-01-29,2026-02-17
670,finance,LATAM,1,16.67,2026-01-15,2026-02-27
671,food,LATAM,0,22.01,2026-01-17,2026-03-20
672,edtech,APAC,0,63.25,2026-01-21,2026-03-27
673,media,US,1,68.47,2026-01-06,2026-02-18
674,retail,LATAM,0,13.85,2026-01-21,2026-02-03
675,edtech,LATAM,1,23.81,2026-01-26,2026-02-03
676,media,MEA,1,26.13,2026-01-10,2026-02-25
677,edtech,EU,1,12.3,2026-01-06,2026-03-21
678,retail,APAC,0,23.59,2026-01-11,2026-01-20
679,edtech,MEA,1,24.62,2026-01-09,2026-03-30
680,food,APAC,0,54.5,2026-01-18,2026-03-22
681,media,MEA,1,57.12,2026-01-26,2026-02-02
682,finance,EU,1,19.48,2026-01-18,2026-02-22
683,food,EU,1,21.12,2026-01-04,2026-01-29
684,food,LATAM,0,39.06,2026-01-10,2026-04-05
685,finance,US,0,16.29,2026-01-21,2026-03-15
686,auto,APAC,0,37.04,2026-01-10,2026-02-12
687,travel,APAC,0,23.07,2026-01-18,2026-02-17
688,edtech,APAC,0,12.45,2026-01-21,2026-03-15
689,travel,MEA,0,12.56,2026-01-10,2026-01-17
690,auto,EU,0,67.55,2026-01-20,2026-02-17
691,food,LATAM,1,21.99,2026-01-12,2026-02-01
692,auto,MEA,1,77.34,2026-01-05,2026-03-04
693,food,LATAM,0,17.12,2026-01-12,2026-03-15
694,food,US,1,30.08,2026-01-14,2026-02-28
695,retail,EU,0,130.96,2026-01-01,2026-01-19
696,games,LATAM,0,11.7,2026-01-27,2026-03-05
697,media,APAC,0,6.5,2026-01-16,2026-04-02
698,edtech,EU,1,60.38,2026-01-02,2026-01-25
699,retail,US,1,13.75,2026-01-27,2026-02-16
700,retail,MEA,1,24.18,2026-01-26,2026-02-11
701,edtech,US,1,16.28,2026-01-01,2026-03-16
702,edtech,EU,1,29.6,2026-01-05,2026-01-21
703,finance,LATAM,0,12.61,2026-01-11,2026-03-07
704,finance,EU,0,21.63,2026-01-16,2026-04-15
705,finance,MEA,0,33.61,2026-01-22,2026-03-23
706,edtech,MEA,1,12.11,2026-01-13,2026-02-23
707,retail,MEA,0,15.03,2026-01-19,2026-02-12
708,edtech,MEA,0,19.24,2026-01-01,2026-01-08
709,travel,US,1,9.02,2026-01-20,2026-02-08
710,travel,US,0,18.25,2026-01-28,2026-04-24
711,media,US,1,26.66,2026-01-16,2026-02-03
712,edtech,APAC,0,18.55,2026-01-14,2026-01-22
713,media,MEA,1,20.29,2026-01-09,2026-03-24
714,auto,LATAM,1,24.19,2026-01-29,2026-03-11
715,food,LATAM,0,15.5,2026-01-01,2026-02-06
716,auto,MEA,1,39.8,2026-01-09,2026-03-16
717,edtech,LATAM,0,67.03,2026-01-05,2026-02-24
718,travel,US,0,17.72,2026-01-26,2026-04-18
719,finance,APAC,0,34.45,2026-01-15,2026-03-01
720,edtech,APAC,1,20.74,2026-01-28,2026-04-04
721,finance,EU,0,31.68,2026-01-20,2026-04-09
722,food,LATAM,0,73.41,2026-01-17,2026-03-03
723,auto,LATAM,1,35.02,2026-01-16,2026-02-15
724,retail,LATAM,0,7.09,2026-01-07,2026-04-04
725,auto,APAC,0,33.71,2026-01-17,2026-02-11
726,retail,LATAM,0,58.15,2026-01-21,2026-01-31
727,media,MEA,0,21.01,2026-01-29,2026-03-24
728,retail,APAC,1,49.25,2026-01-17,2026-04-15
729,travel,APAC,0,15.13,2026-01-29,2026-02-12
730,media,EU,0,8.67,2026-01-29,2026-04-16
731,media,LATAM,1,27.08,2026-01-16,2026-04-01
732,travel,MEA,0,7.17,2026-01-14,2026-04-08
733,food,LATAM,1,20.74,2026-01-05,2026-02-15
734,auto,MEA,0,60.39,2026-01-09,2026-02-06
735,finance,MEA,1,6.44,2026-01-27,2026-03-17
736,media,LATAM,1,10.02,2026-01-05,2026-01-23
737,media,APAC,1,11.91,2026-01-12,2026-03-29
738,games,EU,0,23.47,2026-01-21,2026-03-24
739,media,EU,0,18.99,2026-01-08,2026-02-24
740,food,US,1,65.33,2026-01-30,2026-03-20
741,auto,APAC,0,47.85,2026-01-20,2026-03-27
742,auto,LATAM,0,34.7,2026-01-01,2026-02-20
743,media,APAC,0,27.17,2026-01-08,2026-03-25
744,games,EU,1,32.31,2026-01-23,2026-04-16
745,auto,US,1,13.42,2026-01-26,2026-04-21
746,games,MEA,0,44.7,2026-01-28,2026-03-27
747,edtech,MEA,1,11.26,2026-01-26,2026-04-04
748,games,US,0,44.03,2026-01-03,2026-02-04
749,games,MEA,0,56.28,2026-01-22,2026-02-01
750,finance,LATAM,0,28.43,2026-01-04,2026-02-13
751,food,MEA,0,21.69,2026-01-03,2026-03-23
752,finance,MEA,0,32.47,2026-01-21,2026-02-08
753,retail,LATAM,1,3.31,2026-01-15,2026-03-08
754,food,US,1,30.31,2026-01-20,2026-02-11
755,edtech,LATAM,0,22.66,2026-01-26,2026-03-09
756,travel,US,0,23.68,2026-01-03,2026-01-21
757,media,US,0,40.23,2026-01-16,2026-03-24
758,travel,LATAM,1,23.28,2026-01-26,2026-04-10
759,finance,APAC,1,11.04,2026-01-14,2026-03-24
760,media,APAC,1,22.22,2026-01-16,2026-03-22
761,finance,US,0,25.72,2026-01-15,2026-02-10
762,edtech,APAC,0,26.59,2026-01-28,2026-03-20
763,food,EU,0,27.48,2026-01-02,2026-01-17
764,food,LATAM,0,50.78,2026-01-27,2026-03-06
765,games,APAC,0,11.47,2026-01-25,2026-03-14
766,auto,MEA,0,27.74,2026-01-25,2026-03-28
767,edtech,APAC,1,60.52,2026-01-13,2026-01-28
768,travel,APAC,0,7.28,2026-01-16,2026-03-31
769,finance,EU,0,27.82,2026-01-12,2026-02-26
770,travel,EU,1,16.28,2026-01-08,2026-03-29
771,media,US,0,18.93,2026-01-27,2026-03-18
772,food,US,1,13.02,2026-01-16,2026-03-09
773,retail,US,0,21.79,2026-01-22,2026-03-27
774,media,US,1,89.02,2026-01-04,2026-03-20
775,auto,LATAM,0,10.12,2026-01-24,2026-02-13
776,food,EU,0,10.82,2026-01-20,2026-03-10
777,travel,US,1,9.86,2026-01-30,2026-02-08
778,retail,EU,0,82.2,2026-01-05,2026-02-20
779,games,US,0,17.75,2026-01-17,2026-04-01
780,auto,LATAM,0,24.1,2026-01-16,2026-04-04
781,food,EU,0,18.51,2026-01-17,2026-02-16
782,media,US,1,12.67,2026-01-02,2026-02-10
783,retail,EU,0,20.81,2026-01-15,2026-03-08
784,retail,MEA,0,137.11,2026-01-09,2026-02-17
785,travel,LATAM,0,65.0,2026-01-19,2026-02-09
786,edtech,US,1,13.5,2026-01-07,2026-02-08
787,retail,EU,0,38.6,2026-01-14,2026-02-23
788,media,EU,0,13.71,2026-01-19,2026-03-10
789,edtech,APAC,1,7.07,2026-01-02,2026-03-26
790,retail,LATAM,0,50.08,2026-01-24,2026-03-17
791,retail,APAC,1,55.26,2026-01-22,2026-03-02
792,travel,MEA,0,51.02,2026-01-02,2026-03-04
793,media,US,0,17.66,2026-01-02,2026-03-14
794,auto,US,0,21.83,2026-01-26,2026-03-09
795,travel,APAC,1,41.46,2026-01-09,2026-02-25
796,games,US,0,32.27,2026-01-26,2026-02-20
797,food,MEA,0,18.62,2026-01-15,2026-04-03
798,travel,EU,0,7.9,2026-01-11,2026-03-30
799,games,APAC,0,26.57,2026-01-09,2026-01-30
800,travel,APAC,0,52.21,2026-01-20,2026-02-24
801,retail,EU,0,10.61,2026-01-04,2026-02-02
802,games,APAC,0,38.36,2026-01-13,2026-04-06
803,edtech,APAC,0,30.94,2026-01-11,2026-01-23
804,food,US,0,41.48,2026-01-05,2026-01-29
805,media,EU,0,45.17,2026-01-11,2026-02-13
806,auto,EU,0,15.09,2026-01-16,2026-03-10
807,edtech,EU,0,7.91,2026-01-21,2026-02-17
808,retail,APAC,0,16.89,2026-01-03,2026-02-23
809,travel,EU,0,45.71,2026-01-27,2026-04-06
810,food,MEA,0,16.79,2026-01-27,2026-04-12
811,retail,US,0,15.09,2026-01-21,2026-02-05
812,food,LATAM,0,6.86,2026-01-28,2026-02-15
813,media,LATAM,1,83.67,2026-01-13,2026-01-27
814,games,APAC,0,43.73,2026-01-25,2026-04-17
815,auto,MEA,1,42.05,2026-01-22,2026-03-24
816,auto,EU,0,48.3,2026-01-17,2026-03-09
817,retail,US,1,36.73,2026-01-06,2026-03-19
818,retail,US,0,20.68,2026-01-17,2026-03-13
819,media,EU,0,21.88,2026-01-28,2026-02-23
820,food,US,0,18.19,2026-01-30,2026-03-20
821,retail,US,1,155.14,2026-01-14,2026-03-20
822,media,LATAM,0,36.2,2026-01-08,2026-01-17
823,finance,US,0,17.73,2026-01-23,2026-03-21
824,media,MEA,0,33.98,2026-01-03,2026-02-20
825,edtech,LATAM,1,12.09,2026-01-05,2026-01-17
826,retail,MEA,0,70.33,2026-01-17,2026-02-14
827,media,EU,0,15.44,2026-01-30,2026-03-15
828,food,MEA,0,34.84,2026-01-10,2026-02-14
829,auto,LATAM,1,51.74,2026-01-14,2026-02-14
830,retail,MEA,0,32.12,2026-01-10,2026-03-11
831,finance,US,0,26.21,2026-01-14,2026-02-23
832,finance,MEA,1,24.72,2026-01-01,2026-02-18
833,travel,APAC,0,23.58,2026-01-18,2026-04-01
834,finance,EU,0,16.38,2026-01-18,2026-02-01
835,auto,APAC,0,17.91,2026-01-10,2026-02-15
836,auto,EU,0,69.11,2026-01-08,2026-01-21
837,auto,MEA,0,22.74,2026-01-23,2026-04-16
838,finance,US,0,14.15,2026-01-06,2026-01-28
839,retail,US,1,17.09,2026-01-02,2026-03-18
840,food,APAC,1,53.0,2026-01-02,2026-01-24
841,games,APAC,0,39.37,2026-01-27,2026-03-01
842,media,EU,0,36.31,2026-01-11,2026-03-09
843,food,MEA,0,20.49,2026-01-04,2026-03-21
844,retail,MEA,1,36.65,2026-01-27,2026-02-17
845,retail,LATAM,0,15.63,2026-01-05,2026-01-29
846,retail,LATAM,0,20.46,2026-01-11,2026-04-01
847,finance,APAC,0,48.37,2026-01-01,2026-02-03
848,retail,APAC,0,45.24,2026-01-21,2026-02-14
849,auto,APAC,0,12.34,2026-01-21,2026-03-30
850,edtech,EU,1,13.48,2026-01-23,2026-02-06
851,food,EU,0,26.47,2026-01-08,2026-03-27
852,auto,US,1,82.13,2026-01-10,2026-03-30
853,food,APAC,0,6.42,2026-01-29,2026-04-17
854,finance,EU,1,29.81,2026-01-25,2026-02-25
855,games,EU,1,9.36,2026-01-02,2026-01-18
856,auto,MEA,1,15.74,2026-01-21,2026-03-04
857,finance,US,0,19.01,2026-01-25,2026-02-28
858,retail,APAC,0,18.28,2026-01-17,2026-04-13
859,media,APAC,0,16.88,2026-01-20,2026-03-20
860,auto,LATAM,0,24.66,2026-01-01,2026-03-27
861,food,LATAM,0,16.87,2026-01-01,2026-03-11
862,food,US,1,8.81,2026-01-02,2026-03-09
863,retail,MEA,1,42.35,2026-01-05,2026-01-21
864,auto,US,0,41.55,2026-01-30,2026-02-11
865,auto,MEA,0,44.27,2026-01-20,2026-01-30
866,media,APAC,1,8.34,2026-01-24,2026-03-21
867,auto,EU,1,30.24,2026-01-09,2026-02-01
868,auto,LATAM,0,39.38,2026-01-29,2026-04-28
869,travel,EU,0,11.92,2026-01-06,2026-01-24
870,retail,LATAM,1,24.69,2026-01-28,2026-04-23
871,travel,EU,0,22.61,2026-01-01,2026-03-04
872,finance,US,0,89.08,2026-01-01,2026-01-16
873,retail,LATAM,1,94.36,2026-01-03,2026-01-14
874,retail,MEA,1,7.65,2026-01-24,2026-03-04
875,media,APAC,1,140.58,2026-01-08,2026-02-12
876,edtech,EU,1,12.93,2026-01-14,2026-02-16
877,edtech,US,0,48.74,2026-01-15,2026-03-06
878,media,MEA,0,48.39,2026-01-24,2026-02-10
879,edtech,LATAM,0,12.22,2026-01-11,2026-01-28
880,media,EU,0,34.65,2026-01-01,2026-03-06
881,retail,US,0,22.75,2026-01-12,2026-04-11
882,auto,US,0,36.16,2026-01-09,2026-02-07
883,travel,EU,0,28.83,2026-01-22,2026-04-16
884,finance,MEA,1,56.68,2026-01-23,2026-02-27
885,auto,LATAM,0,25.86,2026-01-03,2026-02-06
886,media,EU,0,21.81,2026-01-24,2026-02-07
887,retail,LATAM,0,52.84,2026-01-03,2026-02-14
888,finance,APAC,0,36.83,2026-01-19,2026-03-08
889,retail,EU,1,40.95,2026-01-12,2026-03-15
890,games,APAC,0,15.41,2026-01-10,2026-01-30
891,retail,EU,0,11.8,2026-01-15,2026-02-06
892,media,US,1,16.49,2026-01-10,2026-02-21
893,edtech,MEA,0,15.89,2026-01-24,2026-02-05
894,food,LATAM,0,42.54,2026-01-30,2026-02-17
895,media,EU,0,48.58,2026-01-25,2026-03-25
896,edtech,MEA,0,22.01,2026-01-14,2026-04-10
897,edtech,APAC,0,66.8,2026-01-16,2026-03-11
898,retail,MEA,0,63.94,2026-01-14,2026-02-02
899,retail,LATAM,0,29.09,2026-01-24,2026-04-23
900,edtech,US,0,13.8,2026-01-17,2026-03-08
901,retail,APAC,0,73.9,2026-01-15,2026-03-22
902,retail,APAC,0,23.51,2026-01-13,2026-02-05
903,finance,LATAM,1,26.8,2026-01-12,2026-03-08
904,food,US,0,19.34,2026-01-17,2026-01-30
905,travel,US,0,13.16,2026-01-21,2026-03-20
906,media,US,0,8.78,2026-01-13,2026-02-05
907,travel,US,0,38.21,2026-01-25,2026-04-17
908,finance,EU,0,14.18,2026-01-25,2026-02-05
909,games,EU,1,208.86,2026-01-13,2026-03-15
910,retail,MEA,1,11.47,2026-01-28,2026-02-15
911,auto,EU,0,10.17,2026-01-06,2026-03-11
912,finance,MEA,0,35.06,2026-01-28,2026-03-16
913,travel,EU,1,71.56,2026-01-09,2026-04-06
914,food,LATAM,0,25.67,2026-01-17,2026-03-19
915,edtech,US,0,36.62,2026-01-09,2026-02-15
916,travel,APAC,0,6.75,2026-01-14,2026-01-28
917,edtech,US,0,15.27,2026-01-11,2026-03-08
918,auto,APAC,1,11.57,2026-01-22,2026-03-06
919,games,APAC,0,6.51,2026-01-03,2026-01-14
920,media,APAC,1,26.63,2026-01-26,2026-03-22
921,auto,US,0,5.1,2026-01-28,2026-02-21
922,edtech,APAC,0,9.72,2026-01-17,2026-02-12
923,travel,MEA,0,16.84,2026-01-17,2026-01-24
924,finance,APAC,0,13.71,2026-01-21,2026-02-27
925,finance,US,0,32.38,2026-01-06,2026-01-31
926,food,EU,0,30.38,2026-01-23,2026-02-04
927,edtech,US,0,45.86,2026-01-07,2026-02-19
928,games,EU,1,41.54,2026-01-21,2026-02-15
929,travel,EU,0,54.52,2026-01-10,2026-01-28
930,edtech,MEA,0,24.5,2026-01-23,2026-03-09
931,edtech,EU,0,30.34,2026-01-24,2026-02-05
932,media,APAC,0,35.1,2026-01-07,2026-04-06
933,games,MEA,1,27.09,2026-01-19,2026-03-06
934,media,MEA,1,18.58,2026-01-15,2026-04-14
935,travel,EU,1,19.44,2026-01-09,2026-03-30
936,food,EU,0,13.84,2026-01-18,2026-04-16
937,finance,US,0,32.95,2026-01-30,2026-03-23
938,finance,APAC,0,22.97,2026-01-01,2026-02-12
939,travel,MEA,0,15.42,2026-01-29,2026-04-05
940,edtech,US,0,15.43,2026-01-26,2026-02-08
941,media,EU,0,10.51,2026-01-16,2026-04-02
942,travel,US,0,48.68,2026-01-19,2026-02-21
943,food,MEA,0,25.92,2026-01-12,2026-01-19
944,travel,EU,0,13.41,2026-01-04,2026-01-30
945,finance,US,1,43.21,2026-01-18,2026-02-14
946,retail,EU,1,16.57,2026-01-25,2026-02-02
947,food,EU,0,9.17,2026-01-07,2026-03-10
948,finance,MEA,1,50.14,2026-01-22,2026-02-05
949,food,EU,0,16.84,2026-01-23,2026-04-10
950,games,US,1,18.43,2026-01-23,2026-03-08
951,retail,MEA,1,25.25,2026-01-11,2026-03-18
952,games,LATAM,0,54.59,2026-01-12,2026-02-16
953,edtech,EU,1,24.88,2026-01-13,2026-01-30
954,travel,APAC,1,10.6,2026-01-26,2026-02-16
955,auto,MEA,1,35.9,2026-01-28,2026-03-29
956,edtech,APAC,1,17.47,2026-01-13,2026-03-20
957,travel,APAC,0,91.98,2026-01-30,2026-02-28
958,media,APAC,0,24.51,2026-01-18,2026-02-23
959,food,LATAM,1,5.13,2026-01-12,2026-04-07
960,travel,EU,0,31.51,2026-01-01,2026-03-19
961,finance,MEA,0,95.7,2026-01-19,2026-03-01
962,travel,MEA,0,73.93,2026-01-20,2026-02-16
963,auto,EU,0,88.38,2026-01-30,2026-03-03
964,finance,MEA,0,12.02,2026-01-22,2026-03-14
965,food,MEA,1,46.46,2026-01-01,2026-02-24
966,edtech,LATAM,0,14.8,2026-01-18,2026-02-09
967,edtech,US,1,28.7,2026-01-23,2026-02-04
968,games,APAC,1,10.06,2026-01-15,2026-03-04
969,food,MEA,0,15.63,2026-01-13,2026-03-27
970,retail,EU,0,15.28,2026-01-25,2026-02-13
971,games,MEA,0,46.02,2026-01-19,2026-02-28
972,travel,MEA,1,42.97,2026-01-21,2026-02-10
973,travel,LATAM,1,29.78,2026-01-14,2026-02-10
974,travel,US,0,9.53,2026-01-09,2026-03-07
975,finance,APAC,0,19.72,2026-01-16,2026-02-15
976,finance,EU,0,14.55,2026-01-29,2026-02-26
977,retail,MEA,0,45.1,2026-01-19,2026-04-18
978,edtech,US,1,55.97,2026-01-22,2026-02-12
979,games,EU,1,51.39,2026-01-04,2026-01-26
980,edtech,LATAM,0,14.46,2026-01-30,2026-04-24
981,edtech,LATAM,1,3.61,2026-01-08,2026-03-01
982,media,LATAM,0,7.12,2026-01-30,2026-02-09
983,edtech,EU,1,66.36,2026-01-14,2026-02-25
984,media,LATAM,0,18.53,2026-01-28,2026-03-22
985,edtech,LATAM,0,14.5,2026-01-27,2026-02-24
986,media,LATAM,1,77.47,2026-01-23,2026-03-16
987,edtech,MEA,0,59.48,2026-01-28,2026-03-29
988,games,US,0,24.96,2026-01-19,2026-02-15
989,finance,US,1,19.98,2026-01-26,2026-04-10
990,auto,MEA,0,22.37,2026-01-06,2026-02-19
991,games,APAC,0,28.76,2026-01-03,2026-03-30
992,edtech,APAC,0,75.19,2026-01-17,2026-01-31
993,finance,US,0,32.97,2026-01-25,2026-02-27
994,travel,LATAM,0,40.78,2026-01-23,2026-03-30
995,edtech,LATAM,0,55.62,2026-01-16,2026-04-07
996,media,EU,1,10.82,2026-01-16,2026-02-10
997,edtech,APAC,0,41.61,2026-01-19,2026-04-17
998,games,MEA,0,19.96,2026-01-27,2026-02-19
999,food,US,1,4.22,2026-01-26,2026-03-08
1000,edtech,US,0,5.53,2026-01-04,2026-02-06
